Satellite_PRN_number,year,month,day,hour,minute,second,SV_clock_bias,SV_clock_drift,SV_clock_drift_rate,IODE,C_rs,Delta_n,M0,C_uc,e_Eccentricity,C_us,sqrt_A,T_oe,C_ic,OMEGA0,C_is,i0,C_rc,omega,OMEGA_DOT,IDOT,Codes_on_L2_channel,GPS_Week,L2_P,SV_accuracy,SV_health,TGD,IODS,t_tm,Fit_interval
5,22,1,16,0,0,0.0,-6.803032010794e-05,-1.250555214938e-12,0.0,101.0,-104.09375,4.169102231271e-09,2.560176248749,-5.453824996948e-06,0.005898777395487,9.13068652153e-06,5153.655954361,0.0,7.636845111847e-08,-0.4127559167807,-7.264316082001e-08,0.9595453754536,204.03125,1.012982983104,-7.718178635977e-09,6.250260348431e-11,1.0,2193.0,0.0,2.0,0.0,-1.117587089539e-08,101.0,-5850.0,4.0
8,22,1,16,1,59,44.0,-5.232682451606e-05,-1.591615728103e-12,0.0,20.0,125.8125,4.428755904031e-09,-3.022804791039,6.550922989845e-06,0.007127370568924,3.92273068428e-06,5153.711456299,7184.0,-9.313225746155e-08,-2.487922546337,-6.519258022308e-08,0.9652202833791,308.75,0.07995995840179,-8.035334703944e-09,2.542963067476e-10,1.0,2193.0,0.0,2.0,0.0,5.122274160385e-09,20.0,0.0,4.0
10,22,1,16,2,0,0.0,-0.0002946481108665,-9.663381206337e-12,0.0,22.0,-97.25,3.937306861778e-09,-1.044177845924,-5.181878805161e-06,0.007432790007442,9.665265679359e-06,5153.681917191,7200.0,2.402812242508e-07,-0.3756286885455,1.862645149231e-09,0.9724040654925,199.59375,-2.536260759498,-7.644961300467e-09,-2.821546100149e-11,1.0,2193.0,0.0,2.0,0.0,2.328306436539e-09,22.0,30.0,4.0
13,22,1,16,0,0,0.0,0.0002459743991494,6.025402399246e-12,0.0,40.0,12.59375,4.495544400326e-09,1.597451225238,6.258487701416e-07,0.005791415809654,6.929039955139e-06,5153.670495987,0.0,-1.434236764908e-07,0.8076031049624,-1.676380634308e-08,0.9683760054105,249.125,0.9702711192296,-7.918186967127e-09,5.10021244432e-10,1.0,2193.0,0.0,2.0,0.0,-1.117587089539e-08,40.0,-2310.0,4.0
14,22,1,16,2,0,0.0,-7.120706140995e-05,-5.343281372916e-12,0.0,218.0,75.5625,4.403397704904e-09,-0.3187937052774,3.891065716743e-06,0.001329686143436,1.084618270397e-05,5153.651000977,7200.0,-5.587935447693e-09,2.809042768272,0.0,0.954439718211,166.375,3.037619354273,-7.797824810703e-09,-3.103700710164e-10,1.0,2193.0,0.0,2.0,0.0,-7.916241884232e-09,730.0,90.0,4.0
15,22,1,16,2,0,0.0,-9.122537449002e-05,2.84217094304e-12,0.0,66.0,2.09375,5.10699844127e-09,2.249147303019,-4.656612873077e-08,0.01392170344479,8.339062333107e-06,5153.72426796,7200.0,5.40167093277e-08,0.5499436036785,-3.129243850708e-07,0.9299389505471,202.15625,1.070175617659,-8.01033366255e-09,5.735953211189e-10,1.0,2193.0,0.0,2.0,0.0,-1.071020960808e-08,66.0,120.0,4.0
16,22,1,16,0,0,0.0,-0.0004561701789498,-5.456968210638e-12,0.0,93.0,91.9375,3.960879272235e-09,3.014498927352,4.572793841362e-06,0.01264321745839,1.079030334949e-05,5153.597723007,0.0,-8.009374141693e-08,2.858515622158,-1.899898052216e-07,0.9710181144592,177.375,0.6975605154868,-7.402094041214e-09,-2.860833450911e-10,1.0,2193.0,0.0,2.0,0.0,-1.024454832077e-08,93.0,-6870.0,4.0
18,22,1,16,2,0,0.0,0.0002600140869617,-7.389644451905e-12,0.0,56.0,-67.1875,4.459471469172e-09,1.149750698406,-3.432855010033e-06,0.002087281085551,1.4528632164e-06,5153.630426407,7200.0,2.98023223877e-08,-1.400026147017,-5.40167093277e-08,0.9701951323387,353.15625,3.111552802629,-8.290702483894e-09,-2.56796410887e-10,1.0,2193.0,0.0,2.0,0.0,-8.381903171539e-09,56.0,180.0,4.0
21,22,1,16,2,0,0.0,0.00015619257465,7.958078640513e-13,0.0,103.0,-69.0,4.603048878319e-09,-2.957327745028,-3.227964043617e-06,0.02452208718751,-1.490116119385e-07,5153.600313187,7200.0,2.235174179077e-08,-1.498415492414,4.153698682785e-07,0.9589800088181,376.75,-1.026060317954,-8.046406593704e-09,-1.132190017402e-10,1.0,2193.0,0.0,2.8,0.0,-1.024454832077e-08,103.0,210.0,4.0
23,22,1,16,2,0,0.0,1.077586784959e-05,-3.865352482535e-12,0.0,91.0,-105.84375,4.060169122341e-09,0.3069707129623,-5.684792995453e-06,0.001957356231287,9.147450327873e-06,5153.704490662,7200.0,6.146728992462e-08,-0.400320219264,-1.862645149231e-09,0.9674389888257,208.0,2.912090170644,-7.764609141423e-09,-4.250177036933e-11,1.0,2193.0,0.0,2.0,0.0,-8.381903171539e-09,347.0,240.0,4.0
24,22,1,16,2,0,0.0,0.0002771345898509,-1.136868377216e-13,0.0,75.0,-9.0,5.514158258253e-09,1.26903653242,-5.122274160385e-07,0.01227851770818,5.455687642097e-06,5153.689334869,7200.0,-1.490116119385e-07,1.645190407093,1.061707735062e-07,0.9339820640562,261.71875,0.8011553081572,-8.548570367983e-09,-3.171560679661e-10,1.0,2193.0,0.0,2.0,0.0,2.328306436539e-09,75.0,270.0,4.0
27,22,1,16,2,0,0.0,7.075816392899e-05,2.160049916711e-11,0.0,26.0,116.875,4.212318317109e-09,-3.092854962852,5.91017305851e-06,0.0100176166743,4.040077328682e-06,5153.651613235,7200.0,-3.352761268616e-08,-2.468746289924,-1.471489667892e-07,0.9738924207913,309.8125,0.6299790223207,-7.874613723555e-09,2.396528396456e-10,1.0,2193.0,0.0,2.8,0.0,1.862645149231e-09,26.0,300.0,4.0
32,22,1,16,2,0,0.0,-5.121389403939e-05,-6.139089236967e-12,0.0,42.0,8.65625,4.523759861328e-09,-2.411708904625,4.749745130539e-07,0.005418440094218,7.864087820053e-06,5153.758407593,7200.0,-2.421438694e-08,0.6662553076821,-5.40167093277e-08,0.9578829343662,226.71875,-2.373685115341,-7.767466403296e-09,5.885959459551e-10,1.0,2193.0,0.0,2.0,0.0,4.656612873077e-10,42.0,330.0,4.0
21,22,1,16,1,59,44.0,0.0001561921089888,7.958078640513e-13,0.0,0.0,-69.0,4.603406036053e-09,-2.959661618701,-3.227964043617e-06,0.02452208625618,-1.490116119385e-07,5153.600324631,7184.0,2.235174179077e-08,-1.498415359289,4.153698682785e-07,0.9589800073551,376.75,-1.026060325268,-8.046763751438e-09,-1.12861844006e-10,1.0,2193.0,0.0,2.0,0.0,-1.024454832077e-08,0.0,1230.0,4.0
1,22,1,16,2,0,0.0,0.0004562386311591,-9.777068044059e-12,0.0,68.0,-75.46875,4.204460846956e-09,0.9642345340673,-3.794208168983e-06,0.0112619290594,1.758337020874e-06,5153.672481537,7200.0,-1.080334186554e-07,-1.408301404995,1.396983861923e-07,0.986402370178,360.375,0.8821843305184,-8.302845846856e-09,-3.357282701443e-10,1.0,2193.0,0.0,2.0,0.0,5.122274160385e-09,68.0,1530.0,4.0
12,22,1,16,1,59,44.0,-0.0001564496196806,-5.684341886081e-12,0.0,0.0,66.46875,4.166244969397e-09,-0.3648734084535,3.485009074211e-06,0.008580567198806,1.056306064129e-05,5153.622253418,7184.0,-4.284083843231e-08,2.839835577316,1.285225152969e-07,0.9710444440588,187.875,1.23773885718,-7.781752712664e-09,-2.317953694933e-10,1.0,2193.0,0.0,2.0,0.0,-1.257285475731e-08,0.0,3210.0,4.0
31,22,1,16,2,0,0.0,-0.0001601446419954,-1.818989403546e-12,0.0,39.0,-8.875,4.915204738007e-09,-0.1494037813929,-2.682209014893e-07,0.01046062691603,5.878508090973e-06,5153.666360855,7200.0,1.024454832077e-07,1.745432380242,8.381903171539e-08,0.9547796140605,261.0625,0.3665507230289,-8.242129032043e-09,-2.53224833545e-10,1.0,2193.0,0.0,2.0,0.0,-1.303851604462e-08,39.0,3510.0,4.0
25,22,1,16,1,59,44.0,0.000271497759968,5.570655048359e-12,0.0,13.0,57.21875,4.464114519717e-09,-0.5965791045429,3.12551856041e-06,0.01037012063898,1.019798219204e-05,5153.72759819,7184.0,1.862645149231e-08,2.763526990757,1.806765794754e-07,0.9584191040827,186.28125,0.9721697850137,-7.951402636407e-09,-2.989410235221e-10,1.0,2193.0,0.0,2.0,0.0,5.587935447693e-09,13.0,4800.0,4.0
17,22,1,16,2,0,0.0,0.0005620163865387,5.229594535194e-12,0.0,70.0,124.4375,4.151244344561e-09,-3.117358836291,6.524845957756e-06,0.01372272230219,3.024935722351e-06,5153.744668961,7200.0,2.607703208923e-07,-2.406483457798,2.235174179077e-08,0.9802397385311,329.59375,-1.508250452205,-7.855327205909e-09,2.396528396456e-10,1.0,2193.0,0.0,2.0,0.0,-1.117587089539e-08,70.0,4920.0,4.0
10,22,1,16,4,0,0.0,-0.0002947174943984,-9.663381206337e-12,0.0,23.0,-98.625,4.009452724085e-09,0.00612756257472,-5.18374145031e-06,0.007434081286192,8.966773748398e-06,5153.684991837,14400.0,2.421438694e-08,-0.3756844388906,8.568167686462e-08,0.9724030282836,211.5625,-2.536395437199,-7.816397012881e-09,-4.643050544549e-11,1.0,2193.0,0.0,2.0,0.0,2.328306436539e-09,23.0,7230.0,4.0
12,22,1,16,3,59,44.0,-0.0001564905978739,-5.684341886081e-12,0.0,5.0,72.0625,3.981594420818e-09,0.6852881176636,3.626570105553e-06,0.008582947193645,1.101568341255e-05,5153.626869202,14384.0,-1.210719347e-07,2.839780251218,7.450580596924e-09,0.9710424149914,171.78125,1.237784729902,-7.7549658826e-09,-3.46085844436e-10,1.0,2193.0,0.0,2.0,0.0,-1.257285475731e-08,5.0,7260.0,4.0
17,22,1,16,4,0,0.0,0.0005620545707643,5.229594535194e-12,0.0,72.0,116.3125,4.092313318419e-09,-2.067167163821,6.301328539848e-06,0.01372218085453,2.935528755188e-06,5153.746269226,14400.0,1.620501279831e-07,-2.406540132708,1.750886440277e-07,0.9802418422073,332.75,-1.508307290961,-7.86139888739e-09,3.014411276615e-10,1.0,2193.0,0.0,2.0,0.0,-1.117587089539e-08,72.0,7350.0,4.0
21,22,1,16,3,59,44.0,0.0001561981625855,7.958078640513e-13,0.0,3.0,-49.8125,4.754840915352e-09,-1.909553042903,-1.998618245125e-06,0.02452544996049,1.581385731697e-06,5153.592107773,14384.0,-3.22237610817e-07,-1.498473542466,5.085021257401e-07,0.9589782269838,350.0,-1.025939946128,-8.271415966247e-09,-1.178620522847e-10,1.0,2193.0,0.0,2.0,0.0,-1.024454832077e-08,3.0,7410.0,4.0
23,22,1,16,4,0,0.0,1.074839383364e-05,-3.865352482535e-12,0.0,92.0,-109.9375,4.132672142383e-09,1.357369340064,-5.641952157021e-06,0.001957322587259,8.895993232727e-06,5153.703800201,14400.0,4.097819328308e-08,-0.4003760646987,9.313225746155e-09,0.9674386845387,211.09375,2.91185040276,-7.757108829005e-09,-5.214502919263e-11,1.0,2193.0,0.0,2.0,0.0,-8.381903171539e-09,348.0,7320.0,4.0
24,22,1,16,4,0,0.0,0.0002771336585283,-1.136868377216e-13,0.0,87.0,-9.28125,5.348079911852e-09,2.319208486217,-6.034970283508e-07,0.01227847766131,5.368143320084e-06,5153.689481735,14400.0,-9.685754776001e-08,1.645128846037,-2.421438694e-07,0.9339815227765,262.46875,0.8011619132323,-8.236057350562e-09,-1.828647599084e-10,1.0,2193.0,0.0,2.0,0.0,2.328306436539e-09,87.0,7470.0,4.0
25,22,1,16,3,59,44.0,0.0002715378068388,5.570655048359e-12,0.0,14.0,61.90625,4.341966574622e-09,0.4535201232078,3.129243850708e-06,0.01037114742212,1.059286296368e-05,5153.729511261,14384.0,-1.564621925354e-07,2.763470324626,1.266598701477e-07,0.9584168628922,176.5,0.9722176414529,-7.900329080417e-09,-3.985880313628e-10,1.0,2193.0,0.0,2.0,0.0,5.587935447693e-09,14.0,7500.0,4.0
31,22,1,16,4,0,0.0,-0.0001601576805115,-1.818989403546e-12,0.0,40.0,-11.5625,4.850916345851e-09,0.9008030937217,-4.135072231293e-07,0.01046031143051,5.917623639107e-06,5153.66566658,14400.0,-8.009374141693e-08,1.745374161954,1.825392246246e-07,0.9547778556329,261.8125,0.3665315383212,-8.116052351872e-09,-3.743013054375e-10,1.0,2193.0,0.0,2.0,0.0,-1.303851604462e-08,40.0,7560.0,4.0
32,22,1,16,4,0,0.0,-5.125813186169e-05,-6.139089236967e-12,0.0,67.0,7.5,4.604477509256e-09,-1.361569784561,3.539025783539e-07,0.005418541608378,7.878988981247e-06,5153.758443832,14400.0,1.750886440277e-07,0.6661999303812,-4.284083843231e-08,0.9578864629246,228.0,-2.373695156811,-7.866041937935e-09,4.51804533758e-10,1.0,2193.0,0.0,2.0,0.0,4.656612873077e-10,67.0,7590.0,4.0
1,22,1,16,4,0,0.0,0.0004561683163047,-9.777068044059e-12,0.0,69.0,-69.375,4.148744240422e-09,2.014489628425,-3.762543201447e-06,0.0112618827261,1.795589923859e-06,5153.670877457,14400.0,-2.477318048477e-07,-1.408361637721,-2.011656761169e-07,0.9864015641102,359.875,0.8821097056042,-8.031048811133e-09,-1.542921411727e-10,1.0,2193.0,0.0,2.0,0.0,5.122274160385e-09,69.0,7620.0,4.0
3,22,1,16,3,59,44.0,-8.008582517505e-05,-1.512034941697e-11,0.0,24.0,-107.21875,3.94945022474e-09,0.8446483936931,-5.606561899185e-06,0.00386774004437,9.778887033463e-06,5153.70602417,14384.0,-7.264316082001e-08,-0.3728882611614,1.490116119385e-08,0.9725707781739,196.21875,0.9758592058929,-7.702106537939e-09,1.071473202588e-12,1.0,2193.0,0.0,2.0,0.0,1.862645149231e-09,24.0,7650.0,4.0
19,22,1,16,3,59,44.0,0.0001061479561031,5.002220859751e-12,0.0,7.0,105.59375,4.286607125821e-09,0.3283111547917,5.49852848053e-06,0.008933016099036,3.315508365631e-06,5153.680088043,14384.0,-6.705522537231e-08,-2.36162535705,-1.080334186554e-07,0.9789380720601,328.09375,1.997056990423,-8.253200921803e-09,2.464388365953e-10,1.0,2193.0,0.0,2.0,0.0,-1.583248376846e-08,7.0,7950.0,4.0
26,22,1,16,4,0,0.0,0.0001747622154653,3.410605131648e-12,0.0,31.0,45.90625,4.777699010341e-09,-0.1932077940744,2.479180693626e-06,0.006779862102121,9.769573807716e-06,5153.688486099,14400.0,9.872019290924e-08,2.717072679612,5.40167093277e-08,0.939233506937,179.0,0.3503955197227,-8.09462288782e-09,-3.307280618656e-10,1.0,2193.0,0.0,2.0,0.0,6.984919309616e-09,31.0,11190.0,4.0
4,22,1,16,4,29,36.0,-0.0001947348937392,1.818989403546e-12,0.0,180.0,11.5625,4.569833209039e-09,-2.189730854508,5.140900611877e-07,0.001647087512538,7.739290595055e-06,5153.656064987,16176.0,-2.048909664154e-08,0.7078282678885,3.166496753693e-08,0.9610019561717,231.65625,-3.102930909139,-7.848184051225e-09,5.096640866978e-10,1.0,2193.0,0.0,2.0,0.0,-4.19095158577e-09,180.0,12060.0,4.0
6,22,1,16,4,0,0.0,0.0001722099259496,1.1027623259e-11,0.0,59.0,-77.46875,4.202317900551e-09,2.38171692327,-3.784894943237e-06,0.002634725300595,1.028180122375e-06,5153.652458191,14400.0,7.264316082001e-08,-1.416630613928,3.725290298462e-09,0.9857838484141,370.875,-0.9991061957091,-8.141410551e-09,-2.489389407347e-10,1.0,2193.0,0.0,2.0,0.0,4.19095158577e-09,59.0,13890.0,4.0
3,22,1,16,6,0,0.0,-8.019432425499e-05,-1.512034941697e-11,0.0,30.0,-102.6875,3.939092650449e-09,1.897285466858,-5.429610610008e-06,0.003867282532156,9.525567293167e-06,5153.704807281,21600.0,-6.332993507385e-08,-0.3729439763964,-1.024454832077e-07,0.9725711380517,201.34375,0.9757138693705,-7.625317625086e-09,3.571577341961e-11,1.0,2193.0,0.0,2.0,0.0,1.862645149231e-09,30.0,14400.0,4.0
4,22,1,16,6,0,0.0,-0.0001947255805135,1.818989403546e-12,0.0,181.0,12.125,4.541260590303e-09,-1.398412759036,5.15952706337e-07,0.001647038618103,7.791444659233e-06,5153.656602859,21600.0,-5.40167093277e-08,0.7077859910189,-3.911554813385e-08,0.961004611368,229.53125,-3.103104664308,-7.838540792401e-09,4.564475843026e-10,1.0,2193.0,0.0,2.0,0.0,-4.19095158577e-09,181.0,14430.0,4.0
6,22,1,16,6,0,0.0,0.0001722890883684,1.1027623259e-11,0.0,60.0,-73.40625,4.215175578982e-09,-2.851400382145,-3.665685653687e-06,0.002634834265336,1.316890120506e-06,5153.652395248,21600.0,-5.587935447693e-08,-1.416689720208,8.195638656616e-08,0.9857826224888,367.78125,-0.9989825805943,-8.091765625946e-09,-1.317912039184e-10,1.0,2193.0,0.0,2.0,0.0,4.19095158577e-09,60.0,14460.0,4.0
12,22,1,16,6,0,0.0,-0.0001565311104059,-5.684341886081e-12,0.0,6.0,77.59375,3.910877189447e-09,1.737909616603,3.919005393982e-06,0.008582664653659,1.100264489651e-05,5153.625452042,21600.0,-1.005828380585e-07,2.839724117588,-2.086162567139e-07,0.9710407735973,171.03125,1.237703283401,-7.589244693933e-09,-2.69654089318e-10,1.0,2193.0,0.0,2.0,0.0,-1.257285475731e-08,6.0,14520.0,4.0
25,22,1,16,6,0,0.0,0.0002715778537095,5.570655048359e-12,0.0,29.0,62.90625,4.251248510136e-09,1.505949368379,3.211200237274e-06,0.01037213800009,1.097284257412e-05,5153.731363297,21600.0,-2.346932888031e-07,2.763413273746,-1.303851604462e-08,0.9584139165752,165.96875,0.9722660128392,-7.85032699763e-09,-3.97159400426e-10,1.0,2193.0,0.0,2.0,0.0,5.587935447693e-09,29.0,14670.0,4.0
26,22,1,16,6,0,0.0,0.0001747868955135,3.410605131648e-12,0.0,32.0,48.96875,4.708053252173e-09,0.8568890578973,2.659857273102e-06,0.006779969087802,1.008436083794e-05,5153.68901825,21600.0,-4.842877388e-08,2.717015362481,1.583248376846e-07,0.9392312335623,172.65625,0.350472249776,-7.980332412877e-09,-4.307322274405e-10,1.0,2193.0,0.0,2.0,0.0,6.984919309616e-09,32.0,14700.0,4.0
31,22,1,16,6,0,0.0,-0.0001601707190275,-1.818989403546e-12,0.0,57.0,-10.78125,4.928062416438e-09,1.951030629628,-5.345791578293e-07,0.01046021014918,6.05545938015e-06,5153.664878845,21600.0,-1.545995473862e-07,1.745315915871,6.705522537231e-08,0.9547748961497,264.71875,0.3664927344192,-8.087122575402e-09,-4.103742365913e-10,1.0,2193.0,0.0,2.0,0.0,-1.303851604462e-08,57.0,14730.0,4.0
32,22,1,16,6,0,0.0,-5.130190402269e-05,-6.139089236967e-12,0.0,70.0,5.59375,4.706624621236e-09,-0.3114076835171,2.73808836937e-07,0.00541853334289,7.785856723785e-06,5153.758676529,21600.0,3.352761268616e-08,0.6661428034302,5.774199962616e-08,0.9578888942945,228.65625,-2.373727474134,-8.026048602854e-09,4.264463346301e-10,1.0,2193.0,0.0,2.0,0.0,4.656612873077e-10,70.0,14760.0,4.0
1,22,1,16,6,0,0.0,0.000456097535789,-9.777068044059e-12,0.0,83.0,-66.34375,4.083384375064e-09,3.064645084895,-3.546476364136e-06,0.01126138283871,1.531094312668e-06,5153.671922684,21600.0,-1.862645149231e-08,-1.408418644713,-2.086162567139e-07,0.9864011252348,362.875,0.8821335731127,-7.886399928784e-09,-1.464346710204e-10,1.0,2193.0,0.0,2.0,0.0,5.122274160385e-09,83.0,14790.0,4.0
16,22,1,16,6,0,0.0,-0.0004562865942717,-5.456968210638e-12,0.0,31.0,62.71875,4.035882396416e-09,-0.1180749182029,3.470107913017e-06,0.01264528324828,1.022964715958e-05,5153.591802597,21600.0,8.381903171539e-08,2.858351621727,1.750886440277e-07,0.9710125846288,188.46875,0.6976278272735,-7.821754378894e-09,-2.285809498855e-10,1.0,2193.0,0.0,2.0,0.0,-1.024454832077e-08,31.0,15660.0,4.0
29,22,1,16,6,0,0.0,-0.0004679034464061,-4.888534022029e-12,0.0,37.0,120.125,4.099099315368e-09,-0.8882203758639,6.012618541718e-06,0.001769319991581,3.693625330925e-06,5153.767566681,21600.0,-1.862645149231e-09,-2.393651362147,-3.166496753693e-08,0.9822276247631,321.4375,2.293304668933,-8.045335120501e-09,3.175132257003e-10,1.0,2193.0,0.0,2.0,0.0,-1.024454832077e-08,37.0,15690.0,4.0
9,22,1,16,6,0,0.0,-0.0003577671013772,1.250555214938e-12,0.0,54.0,9.78125,4.737697344111e-09,-0.587706150903,4.041939973831e-07,0.002331619965844,7.975846529007e-06,5153.634672165,21600.0,-5.587935447693e-08,0.6550737581314,3.911554813385e-08,0.9540304946738,222.34375,1.857988941772,-7.981046728346e-09,4.893060958486e-10,1.0,2193.0,0.0,2.0,0.0,1.396983861923e-09,54.0,16950.0,4.0
2,22,1,16,6,0,0.0,-0.0006487411446869,-9.094947017729e-13,0.0,70.0,-64.90625,4.620906765029e-09,-3.056470914556,-3.166496753693e-06,0.02068989677355,-1.471489667892e-07,5153.678771973,21600.0,3.46451997757e-07,-1.497100944949,1.676380634308e-07,0.9647371590722,382.21875,-1.457008722627,-8.104980462112e-09,-1.071473202588e-10,1.0,2193.0,0.0,2.0,0.0,-1.769512891769e-08,70.0,18750.0,4.0
2,22,1,16,8,0,0.0,-0.000648747663945,-9.094947017729e-13,0.0,89.0,-52.3125,4.569833209039e-09,-2.006363256009,-2.1792948246e-06,0.02069075871259,2.607703208923e-07,5153.675909042,28800.0,2.030283212662e-07,-1.49715944558,3.017485141754e-07,0.9647369045244,373.03125,-1.456937959817,-8.090694152744e-09,-3.000124967247e-11,1.0,2193.0,0.0,2.0,0.0,-1.769512891769e-08,89.0,21600.0,4.0
3,22,1,16,8,0,0.0,-8.030328899622e-05,-1.512034941697e-11,0.0,31.0,-106.1875,3.952664644348e-09,2.947376769982,-5.533918738365e-06,0.003867424558848,9.283423423767e-06,5153.704917908,28800.0,-4.656612873077e-08,-0.3729987041618,-6.146728992462e-08,0.9725714964666,203.90625,0.9757798879376,-7.592816271275e-09,2.321525272275e-11,1.0,2193.0,0.0,2.0,0.0,1.862645149231e-09,31.0,21630.0,4.0
4,22,1,16,8,0,0.0,-0.0001947125419974,1.818989403546e-12,0.0,182.0,6.75,4.552689637797e-09,-0.347855181496,1.993030309677e-07,0.001647511147894,7.815659046173e-06,5153.658054352,28800.0,1.303851604462e-08,0.7077296701358,-1.676380634308e-08,0.9610075591479,228.59375,-3.103471335947,-7.881399720505e-09,4.096599211229e-10,1.0,2193.0,0.0,2.0,0.0,-4.19095158577e-09,182.0,21660.0,4.0
6,22,1,16,8,0,0.0,0.0001723682507873,1.1027623259e-11,0.0,64.0,-65.46875,4.234462096629e-09,-1.801471133772,-3.296881914139e-06,0.002635947195813,1.726672053337e-06,5153.650003433,28800.0,-8.009374141693e-08,-1.416747957513,1.862645149231e-08,0.9857817915513,361.125,-0.99871880915,-8.081408051655e-09,-1.142904749427e-10,1.0,2193.0,0.0,2.0,0.0,4.19095158577e-09,64.0,21690.0,4.0
9,22,1,16,8,0,0.0,-0.0003577582538128,1.250555214938e-12,0.0,55.0,7.5,4.711624829515e-09,0.4624939362717,2.924352884293e-07,0.002332156291232,8.083879947662e-06,5153.635688782,28800.0,-4.656612873077e-08,0.6550164951291,-2.048909664154e-08,0.9540338052574,219.25,1.857994710057,-7.983903990219e-09,4.460900100109e-10,1.0,2193.0,0.0,2.0,0.0,1.396983861923e-09,55.0,21720.0,4.0
16,22,1,16,8,0,0.0,-0.0004563257098198,-5.456968210638e-12,0.0,32.0,72.75,3.892304987269e-09,0.9320377142662,3.982335329056e-06,0.01264743565116,1.106783747673e-05,5153.596704483,28800.0,-1.974403858185e-07,2.85829695833,9.872019290924e-08,0.9710105438581,172.3125,0.6977405626665,-7.698534960597e-09,-4.435899058715e-10,1.0,2193.0,0.0,2.0,0.0,-1.024454832077e-08,32.0,21750.0,4.0
26,22,1,16,8,0,0.0,0.0001748111099005,3.410605131648e-12,0.0,33.0,51.65625,4.673408951956e-09,1.906834908928,2.726912498474e-06,0.006780727067962,1.084245741367e-05,5153.692127228,28800.0,-1.005828380585e-07,2.716958216512,5.40167093277e-08,0.9392278088711,159.3125,0.3506974411447,-7.964260314838e-09,-4.875203071777e-10,1.0,2193.0,0.0,2.0,0.0,6.984919309616e-09,33.0,21810.0,4.0
29,22,1,16,8,0,0.0,-0.0004679383710027,-4.888534022029e-12,0.0,62.0,118.96875,4.033382292276e-09,0.1617983211724,6.116926670074e-06,0.001769275637344,3.36579978466e-06,5153.767374039,28800.0,-1.862645149231e-09,-2.393709318573,-2.421438694e-08,0.9822299478771,323.53125,2.293406493883,-8.044620805033e-09,3.235849071817e-10,1.0,2193.0,0.0,2.0,0.0,-1.024454832077e-08,62.0,21840.0,4.0
31,22,1,16,8,0,0.0,-0.0001601837575436,-1.818989403546e-12,0.0,90.0,-11.0625,4.885203488334e-09,3.001212652691,-6.798654794693e-07,0.01046007685363,5.841255187988e-06,5153.665155411,28800.0,-7.450580596924e-08,1.74525793165,-8.754432201385e-08,0.9547727939364,265.84375,0.3664999392907,-7.935687696103e-09,-3.635865734116e-10,1.0,2193.0,0.0,2.0,0.0,-1.303851604462e-08,90.0,21870.0,4.0
7,22,1,16,8,0,0.0,0.0003022137098014,3.637978807092e-12,0.0,87.0,-14.40625,4.906275794652e-09,-2.830548300407,-8.810311555862e-07,0.01543857343495,5.807727575302e-06,5153.694637299,28800.0,7.450580596924e-08,1.72727831004,-2.142041921616e-07,0.9505271628259,261.0625,-2.29571630109,-7.876399512226e-09,-2.617966191657e-10,1.0,2193.0,0.0,2.0,0.0,-1.117587089539e-08,87.0,22050.0,4.0
27,22,1,16,8,0,0.0,7.122429087758e-05,2.148681232939e-11,0.0,75.0,116.25,4.274820920593e-09,0.057710209119,6.148591637611e-06,0.01001852180343,4.218891263008e-06,5153.651279449,28800.0,3.911554813385e-08,-2.468919277061,1.080334186554e-07,0.9738975249125,305.84375,0.6299930590196,-8.199984419408e-09,2.596536727606e-10,1.0,2193.0,0.0,4.0,0.0,1.862645149231e-09,75.0,22770.0,4.0
20,22,1,16,8,0,0.0,0.0005171536467969,-1.136868377216e-13,0.0,55.0,-126.375,4.790556688772e-09,-1.108916930224,-6.459653377533e-06,0.005292492569424,8.357688784599e-06,5153.733121872,28800.0,2.98023223877e-08,-0.5264089427254,-7.636845111847e-08,0.9416724210533,207.625,3.102271803101,-8.112123616796e-09,3.893019302737e-11,1.0,2193.0,0.0,2.0,0.0,-8.381903171539e-09,55.0,24030.0,4.0
8,22,1,16,8,0,0.0,-5.236035212874e-05,-1.591615728103e-12,0.0,32.0,112.0625,4.408040755448e-09,0.1299223851374,5.872920155525e-06,0.007128552068025,4.518777132034e-06,5153.707473755,28800.0,9.499490261078e-08,-2.488097824404,2.048909664154e-08,0.9652259946113,292.59375,0.08004321306968,-8.187126740977e-09,2.553677799502e-10,1.0,2193.0,0.0,2.0,0.0,5.122274160385e-09,32.0,25320.0,4.0
30,22,1,16,8,0,0.0,-0.0005070678889751,-2.614797267597e-12,0.0,85.0,-11.53125,5.311649822964e-09,-2.81644576866,-6.668269634247e-07,0.00542353047058,5.809590220451e-06,5153.584085464,28800.0,-5.40167093277e-08,1.740887531182,-5.774199962616e-08,0.9357020709699,254.84375,-2.751688203316,-8.22998566908e-09,-3.150131215609e-10,1.0,2193.0,0.0,2.8,0.0,3.725290298462e-09,85.0,26430.0,4.0
18,22,1,16,9,29,36.0,0.0002598152495921,-7.389644451905e-12,0.0,60.0,-76.5625,4.476615040414e-09,-1.197946040061,-4.056841135025e-06,0.0020869752625,1.057982444763e-06,5153.629646301,34176.0,9.313225746155e-09,-1.400250849771,2.235174179077e-08,0.9701908913392,362.40625,3.110845796265,-8.326418257313e-09,-8.428922527028e-11,1.0,2193.0,0.0,2.0,0.0,-8.381903171539e-09,60.0,27420.0,4.0
5,22,1,16,7,59,44.0,-6.806710734963e-05,-1.250555214938e-12,0.0,2.0,-116.25,4.34518099423e-09,0.4756222640564,-5.820766091347e-06,0.005899250856601,9.61497426033e-06,5153.656858444,28784.0,-6.332993507385e-08,-0.4129797520243,3.911554813385e-08,0.9595450228903,193.46875,1.012776748228,-7.944973797192e-09,-7.500312418118e-12,1.0,2193.0,0.0,2.0,0.0,-1.117587089539e-08,2.0,27540.0,4.0
4,22,1,16,10,0,0.0,-0.0001946995034814,1.818989403546e-12,0.0,183.0,5.90625,4.631978654789e-09,0.7023704175071,2.756714820862e-07,0.001647394266911,7.646158337593e-06,5153.657817841,36000.0,-5.587935447693e-09,0.7076727626225,-4.284083843231e-08,0.9610103928203,228.0,-3.103505904701,-7.913186758848e-09,4.175173912752e-10,1.0,2193.0,0.0,2.0,0.0,-4.19095158577e-09,183.0,28830.0,4.0
5,22,1,16,9,59,44.0,-6.807642057538e-05,-1.250555214938e-12,0.0,4.0,-111.1875,4.413398121461e-09,1.525965578226,-5.757436156273e-06,0.00589848740492,9.419396519661e-06,5153.654649734,35984.0,-1.434236764908e-07,-0.4130371554668,-2.235174179077e-08,0.9595451838113,200.59375,1.012624746651,-7.893543083468e-09,3.714440435639e-11,1.0,2193.0,0.0,2.0,0.0,-1.117587089539e-08,4.0,28860.0,4.0
7,22,1,16,10,0,0.0,0.0003022397868335,3.637978807092e-12,0.0,89.0,-12.75,4.936634202058e-09,-1.780434794576,-7.487833499908e-07,0.01543940231204,5.252659320831e-06,5153.692358017,36000.0,2.216547727585e-07,1.727221475673,-1.713633537292e-07,0.9505254424343,269.65625,-2.295658107672,-7.918544124861e-09,-2.571535686212e-10,1.0,2193.0,0.0,2.0,0.0,-1.117587089539e-08,89.0,28920.0,4.0
8,22,1,16,10,0,0.0,-5.237152799964e-05,-1.591615728103e-12,0.0,34.0,136.0625,4.267320608175e-09,1.179771423175,7.079914212227e-06,0.007131124730222,4.509463906288e-06,5153.713911057,36000.0,5.587935447693e-09,-2.488156225557,7.450580596924e-08,0.9652278656835,292.28125,0.08035120121291,-8.125695610695e-09,1.975082270104e-10,1.0,2193.0,0.0,2.0,0.0,5.122274160385e-09,34.0,28950.0,4.0
9,22,1,16,10,0,0.0,-0.0003577498719096,1.250555214938e-12,0.0,71.0,6.15625,4.704481674831e-09,1.512725825823,1.769512891769e-07,0.002332246629521,8.014962077141e-06,5153.635686874,36000.0,1.862645149231e-09,0.6549591136303,-7.078051567078e-08,0.9540373557596,218.34375,1.857968238555,-7.918544124861e-09,4.607334771129e-10,1.0,2193.0,0.0,2.0,0.0,1.396983861923e-09,71.0,28980.0,4.0
16,22,1,16,10,0,0.0,-0.0004563643597066,-5.456968210638e-12,0.0,33.0,78.8125,3.926592129752e-09,1.982303980929,3.978610038757e-06,0.0126478621969,1.140311360359e-05,5153.595788956,36000.0,-2.682209014893e-07,2.858241263576,-9.499490261078e-08,0.9710077116487,166.9375,0.6976978630136,-7.595316375414e-09,-3.885876148053e-10,1.0,2193.0,0.0,2.0,0.0,-1.024454832077e-08,33.0,29010.0,4.0
18,22,1,16,10,0,0.0,0.0002598017454147,-7.389644451905e-12,0.0,61.0,-75.5625,4.465185992919e-09,-0.9319675512522,-3.958120942116e-06,0.00208690261934,9.741634130478e-07,5153.629337311,36000.0,-5.587935447693e-09,-1.400266072897,2.235174179077e-08,0.9701907552878,363.375,3.110919931102,-8.321418049035e-09,-7.643175511796e-11,1.0,2193.0,0.0,2.0,0.0,-8.381903171539e-09,61.0,29040.0,4.0
20,22,1,16,10,0,0.0,0.0005171522498131,-1.136868377216e-13,0.0,95.0,-115.375,4.878774649119e-09,-0.05899392997398,-5.973502993584e-06,0.005291812471114,8.098781108856e-06,5153.730781555,36000.0,6.705522537231e-08,-0.5264673029164,-3.725290298462e-09,0.9416723069457,213.71875,3.102497058838,-8.175340535748e-09,-2.142946405177e-12,1.0,2193.0,0.0,2.0,0.0,-8.381903171539e-09,95.0,29070.0,4.0
26,22,1,16,10,0,0.0,0.0001748357899487,3.410605131648e-12,0.0,34.0,57.34375,4.614477925813e-09,2.957078952402,2.95601785183e-06,0.006780757685192,1.079030334949e-05,5153.691480637,36000.0,-5.774199962616e-08,2.716901019341,-7.636845111847e-08,0.9392249956796,160.90625,0.3506248175025,-7.841040896541e-09,-4.439470636057e-10,1.0,2193.0,0.0,2.0,0.0,6.984919309616e-09,34.0,29100.0,4.0
27,22,1,16,10,0,0.0,7.137935608625e-05,2.148681232939e-11,0.0,81.0,131.40625,4.14517266308e-09,1.107808333829,6.791204214096e-06,0.01002066640649,4.556030035019e-06,5153.655685425,36000.0,-6.146728992462e-08,-2.468977764526,9.499490261078e-08,0.9738992101941,297.5,0.6300851658048,-8.158911279975e-09,1.935794919343e-10,1.0,2193.0,0.0,4.0,0.0,1.862645149231e-09,81.0,29130.0,4.0
30,22,1,16,10,0,0.0,-0.0005070869810879,-2.614797267597e-12,0.0,87.0,-15.25,5.3266504478e-09,-1.766331123215,-9.182840585709e-07,0.005424109520391,5.468726158142e-06,5153.582387924,36000.0,-9.313225746155e-09,1.740828078191,-8.754432201385e-08,0.9356998648895,260.09375,-2.751560840205,-8.25034365993e-09,-3.028697585983e-10,1.0,2193.0,0.0,2.8,0.0,3.725290298462e-09,87.0,29190.0,4.0
14,22,1,16,10,0,0.0,-7.136026397347e-05,-5.343281372916e-12,0.0,222.0,56.9375,4.27624955153e-09,-2.400750251124,3.023073077202e-06,0.001331403153017,1.071020960808e-05,5153.648374557,36000.0,2.235174179077e-08,2.808818628742,4.284083843231e-08,0.9544314380947,171.03125,3.037164342863,-7.718892951446e-09,-2.925121843066e-10,1.0,2193.0,0.0,2.0,0.0,-7.916241884232e-09,734.0,31650.0,4.0
13,22,1,16,10,0,0.0,0.0002461918629706,6.025402399246e-12,0.0,59.0,13.125,4.613406452611e-09,0.5652975916223,8.270144462585e-07,0.005792626063339,7.240101695061e-06,5153.670379639,36000.0,-2.793967723846e-08,0.8073226635666,5.774199962616e-08,0.9683920097342,242.8125,0.9701548479635,-7.98568977889e-09,3.82515933324e-10,1.0,2193.0,0.0,2.0,0.0,-1.117587089539e-08,59.0,32790.0,4.0
21,22,1,16,10,0,0.0,0.0001562149263918,7.958078640513e-13,0.0,82.0,-52.0,4.763769858707e-09,1.243313269948,-3.298744559288e-06,0.024526683148,-6.146728992462e-07,5153.596652985,36000.0,4.954636096954e-07,-1.498663143964,-3.3900141716e-07,0.9589776462054,389.21875,-1.025769004151,-8.470352824194e-09,-1.060758470562e-10,1.0,2193.0,0.0,2.0,0.0,-1.024454832077e-08,82.0,33690.0,4.0
27,22,1,16,9,59,44.0,7.137702777982e-05,2.148681232939e-11,0.0,4.0,131.40625,4.144458347611e-09,1.105473611665,6.791204214096e-06,0.0100206672214,4.556030035019e-06,5153.65568924,35984.0,-6.146728992462e-08,-2.468977648955,9.499490261078e-08,0.9738992101941,297.5,0.6300860640365,-8.158554122241e-09,1.935794919343e-10,1.0,2193.0,0.0,2.0,0.0,1.862645149231e-09,4.0,34530.0,4.0
30,22,1,16,9,59,44.0,-0.0005070860497653,-2.614797267597e-12,0.0,0.0,-15.25,5.327007605535e-09,-1.768664332723,-9.164214134216e-07,0.005424115224741,5.468726158142e-06,5153.582389832,35984.0,-9.313225746155e-09,1.740828209854,-8.754432201385e-08,0.9356998707411,260.09375,-2.75156157459,-8.25034365993e-09,-3.032269163325e-10,1.0,2193.0,0.0,2.0,0.0,3.725290298462e-09,0.0,34620.0,4.0
7,22,1,16,12,0,0.0,0.0003022658638656,3.637978807092e-12,0.0,91.0,-8.96875,5.175572726235e-09,-0.7302938180689,-4.097819328308e-07,0.0154393526027,5.388632416725e-06,5153.691398621,43200.0,7.636845111847e-08,1.72716416732,2.98023223877e-07,0.9505210814755,268.875,-2.295626120968,-8.379634759709e-09,-4.218032840856e-10,1.0,2193.0,0.0,2.0,0.0,-1.117587089539e-08,91.0,36030.0,4.0
8,22,1,16,12,0,0.0,-5.238270387053e-05,-1.591615728103e-12,0.0,35.0,141.34375,4.310179536278e-09,2.230024764957,7.286667823792e-06,0.007131438353099,4.449859261513e-06,5153.712539673,43200.0,-5.215406417847e-08,-2.488214901738,8.381903171539e-08,0.9652294236913,295.875,0.08025281558333,-8.103908988909e-09,2.353669468352e-10,1.0,2193.0,0.0,2.0,0.0,5.122274160385e-09,35.0,36060.0,4.0
9,22,1,16,12,0,0.0,-0.0003577410243452,1.250555214938e-12,0.0,85.0,4.21875,4.799485632127e-09,2.56305043951,3.576278686523e-07,0.002332314732485,8.085742592812e-06,5153.635164261,43200.0,9.313225746155e-08,0.6549018111291,-6.891787052155e-08,0.9540406809724,217.28125,1.85784976706,-7.948902532268e-09,5.068068248242e-10,1.0,2193.0,0.0,2.0,0.0,1.396983861923e-09,85.0,36090.0,4.0
13,22,1,16,12,0,0.0,0.0002462356351316,6.025402399246e-12,0.0,63.0,11.5625,4.595548565901e-09,1.615428753412,5.774199962616e-07,0.005792873445898,7.469207048416e-06,5153.671106339,43200.0,-1.918524503708e-07,0.8072647378623,-1.303851604462e-08,0.9683953598166,240.3125,0.9702073462417,-7.887828559721e-09,4.910918845196e-10,1.0,2193.0,0.0,2.0,0.0,-1.117587089539e-08,63.0,36120.0,4.0
14,22,1,16,12,0,0.0,-7.139844819903e-05,-5.343281372916e-12,0.0,223.0,60.34375,4.204460846956e-09,-1.349815223165,3.1478703022e-06,0.001331274048425,1.106783747673e-05,5153.650218964,43200.0,-1.341104507446e-07,2.808764060434,-5.40167093277e-08,0.9544290652416,164.3125,3.03642286576,-7.656033190227e-09,-4.339466470482e-10,1.0,2193.0,0.0,2.0,0.0,-7.916241884232e-09,735.0,36150.0,4.0
15,22,1,16,11,59,44.0,-9.112246334553e-05,2.84217094304e-12,0.0,4.0,-0.625,5.412368304007e-09,1.214298216509,6.146728992462e-08,0.01392301323358,9.13068652153e-06,5153.725036621,43184.0,-3.017485141754e-07,0.5496497707306,6.332993507385e-08,0.9299553835059,192.65625,1.070284229086,-8.436065681712e-09,4.635907389865e-10,1.0,2193.0,0.0,2.0,0.0,-1.071020960808e-08,4.0,36180.0,4.0
21,22,1,16,12,0,0.0,0.0001562205143273,7.958078640513e-13,0.0,83.0,-48.21875,4.708410409907e-09,2.293514066638,-2.562999725342e-06,0.02452707802877,-1.04121863842e-06,5153.597780228,43200.0,3.352761268616e-07,-1.498721460267,8.754432201385e-08,0.9589771254065,397.25,-1.02574217277,-8.172840431609e-09,-2.814402945465e-10,1.0,2193.0,0.0,2.0,0.0,-1.024454832077e-08,83.0,36300.0,4.0
27,22,1,16,11,59,44.0,7.153209298849e-05,2.148681232939e-11,0.0,5.0,135.375,4.082312901861e-09,2.155728280313,6.936490535736e-06,0.01002047571819,4.371628165245e-06,5153.654491425,43184.0,-1.732259988785e-07,-2.469036794733,-1.434236764908e-07,0.9739014835688,301.78125,0.6300216459018,-7.988904198498e-09,3.071556514086e-10,1.0,2193.0,0.0,2.0,0.0,1.862645149231e-09,5.0,36360.0,4.0
30,22,1,16,11,59,44.0,-0.0005071051418781,-2.614797267597e-12,0.0,1.0,-11.78125,5.414154092678e-09,-0.7185159187406,-7.431954145432e-07,0.005424013943411,5.364418029785e-06,5153.581401825,43184.0,1.210719347e-07,1.740769122593,2.793967723846e-08,0.9356969346646,261.65625,-2.751467213448,-8.371777289556e-09,-4.057311860468e-10,1.0,2193.0,0.0,2.0,0.0,3.725290298462e-09,1.0,36390.0,4.0
1,22,1,16,11,59,44.0,0.0004558861255646,-9.777068044059e-12,0.0,19.0,-63.9375,4.210175370703e-09,-0.07036512344697,-3.29315662384e-06,0.01126284315251,9.555369615555e-07,5153.670993805,43184.0,-3.725290298462e-09,-1.408593074287,1.657754182816e-07,0.9863977927074,377.15625,0.8821654691156,-8.358562453391e-09,-1.09290266664e-10,1.0,2193.0,0.0,2.0,0.0,5.122274160385e-09,19.0,36570.0,4.0
17,22,1,16,12,0,0.0,0.0005622059106827,5.229594535194e-12,0.0,109.0,123.125,3.843731535418e-09,2.133135738603,6.258487701416e-06,0.01372083334718,3.7532299757e-06,5153.743394852,43200.0,1.750886440277e-07,-2.406773196038,-8.940696716309e-08,0.980250866949,311.71875,-1.508065852425,-7.707106746217e-09,2.628680923683e-10,1.0,2193.0,0.0,2.8,0.0,-1.117587089539e-08,109.0,37170.0,4.0
23,22,1,16,12,0,0.0,1.063849776983e-05,-3.865352482535e-12,0.0,96.0,-112.65625,4.149815713624e-09,-0.7267328165274,-5.859881639481e-06,0.001955804880708,9.313225746155e-06,5153.703702927,43200.0,7.450580596924e-09,-0.4005994756961,-3.539025783539e-08,0.9674400128683,203.1875,2.913400229877,-7.748894201118e-09,8.893227581483e-11,1.0,2193.0,0.0,2.0,0.0,-8.381903171539e-09,352.0,37380.0,4.0
17,22,1,16,11,59,44.0,0.0005622073076665,5.229594535194e-12,0.0,1.0,123.125,3.843374377684e-09,2.130801731805,6.258487701416e-06,0.0137208327651,3.7532299757e-06,5153.743392944,43184.0,1.750886440277e-07,-2.406773076079,-8.940696716309e-08,0.9802508728006,311.71875,-1.508065526194,-7.707106746217e-09,2.628680923683e-10,1.0,2193.0,0.0,2.0,0.0,-1.117587089539e-08,1.0,37470.0,4.0
10,22,1,16,12,0,0.0,-0.0002949954941869,-9.663381206337e-12,0.0,31.0,-122.3125,3.929449391625e-09,-2.076720606972,-6.465241312981e-06,0.007434296421707,9.927898645401e-06,5153.68800354,43200.0,5.587935447693e-08,-0.375906831697,-6.705522537231e-08,0.9724051407373,191.5,-2.536055649606,-7.591744798072e-09,1.964367538078e-10,1.0,2193.0,0.0,2.0,0.0,2.328306436539e-09,31.0,39750.0,4.0
19,22,1,16,12,0,0.0,0.0001062918454409,5.002220859751e-12,0.0,13.0,117.28125,3.996595045654e-09,-1.75208321691,6.398186087608e-06,0.008933588396758,3.963708877563e-06,5153.679883957,43200.0,-1.490116119385e-07,-2.361855153685,1.769512891769e-07,0.9789469212515,313.90625,1.997293421391,-7.968903365383e-09,3.29656588663e-10,1.0,2193.0,0.0,2.0,0.0,-1.583248376846e-08,13.0,40800.0,4.0
24,22,1,16,12,0,0.0,0.0002771303988993,-1.136868377216e-13,0.0,104.0,-7.53125,5.612019477423e-09,0.2367043189307,-2.495944499969e-07,0.01227872644085,5.060806870461e-06,5153.68873024,43200.0,-3.725290298462e-08,1.644890814636,1.732259988785e-07,0.9339731461076,265.46875,0.8011917157994,-8.633216750988e-09,-3.364425856127e-10,1.0,2193.0,0.0,2.0,0.0,2.328306436539e-09,104.0,43110.0,4.0
7,22,1,16,14,0,0.0,0.0003022919408977,3.637978807092e-12,0.0,96.0,-5.28125,5.230217859567e-09,0.3198869015334,-1.043081283569e-07,0.01543987751938,5.379319190979e-06,5153.692420959,50400.0,-8.754432201385e-08,1.727103208987,1.899898052216e-07,0.9505177928356,269.71875,-2.295631981418,-8.459995249903e-09,-4.293035965037e-10,1.0,2193.0,0.0,2.0,0.0,-1.117587089539e-08,96.0,43200.0,4.0
8,22,1,16,14,0,0.0,-5.239387974143e-05,-1.591615728103e-12,0.0,36.0,138.28125,4.194460430399e-09,-3.003039634026,7.202848792076e-06,0.007131156511605,4.55416738987e-06,5153.71317482,50400.0,-4.097819328308e-08,-2.488273086379,-5.029141902924e-08,0.965231786304,297.1875,0.08028695862838,-7.996047353182e-09,2.810831368123e-10,1.0,2193.0,0.0,2.0,0.0,5.122274160385e-09,36.0,43230.0,4.0
10,22,1,16,14,0,0.0,-0.00029506534338,-9.663381206337e-12,0.0,32.0,-104.3125,4.03623955415e-09,-1.026951741234,-5.392357707024e-06,0.007434659986757,9.253621101379e-06,5153.682378769,50400.0,1.825392246246e-07,-0.3759611761778,3.725290298462e-08,0.9724059877668,204.28125,-2.535654340455,-7.691034648178e-09,1.082187934614e-10,1.0,2193.0,0.0,2.0,0.0,2.328306436539e-09,32.0,43290.0,4.0
13,22,1,16,14,0,0.0,0.0002462789416313,6.025402399246e-12,0.0,66.0,11.34375,4.52483133453e-09,2.665708711525,5.271285772324e-07,0.005793275660835,7.657334208488e-06,5153.669805527,50400.0,-3.725290298462e-09,0.8072085939923,-1.024454832077e-07,0.968399853901,235.40625,0.9701105742108,-7.699606433799e-09,5.132356640398e-10,1.0,2193.0,0.0,2.0,0.0,-1.117587089539e-08,66.0,43320.0,4.0
14,22,1,16,14,0,0.0,-7.143709808588e-05,-5.343281372916e-12,0.0,224.0,61.9375,4.319822795102e-09,-0.2997019543265,3.02866101265e-06,0.001331114210188,1.112185418606e-05,5153.649877548,50400.0,5.40167093277e-08,2.808709329743,-2.793967723846e-08,0.9544250875673,164.125,3.036502596259,-7.760323248613e-09,-5.635949045614e-10,1.0,2193.0,0.0,2.0,0.0,-7.916241884232e-09,736.0,43350.0,4.0
15,22,1,16,14,0,0.0,-9.11015085876e-05,2.84217094304e-12,0.0,20.0,-4.0,5.22700343996e-09,2.266771905131,-3.594905138016e-07,0.01392321265303,8.853152394295e-06,5153.725358963,50400.0,1.303851604462e-08,0.5495896067617,-3.185123205185e-07,0.9299612044569,191.71875,1.070299697981,-7.966046103509e-09,5.825242644738e-10,1.0,2193.0,0.0,2.0,0.0,-1.071020960808e-08,20.0,43380.0,4.0
17,22,1,16,13,59,44.0,0.0005622450262308,5.229594535194e-12,0.0,2.0,136.5,3.878375835635e-09,-3.102336311937,7.102265954018e-06,0.01372019003611,3.8743019104e-06,5153.745464325,50384.0,1.564621925354e-07,-2.406828532378,-1.676380634308e-08,0.980252758502,314.5625,-1.507980858347,-7.69460622552e-09,2.792973481413e-10,1.0,2193.0,0.0,2.0,0.0,-1.117587089539e-08,2.0,43410.0,4.0
19,22,1,16,14,0,0.0,0.00010632770136,5.002220859751e-12,0.0,14.0,119.6875,3.991594837375e-09,-0.7018750866118,6.288290023804e-06,0.008933681529015,4.030764102936e-06,5153.680492401,50400.0,-1.844018697739e-07,-2.361913508024,-5.587935447693e-09,0.9789491214803,314.25,1.997258696104,-8.081765209389e-09,3.725155167665e-10,1.0,2193.0,0.0,2.0,0.0,-1.583248376846e-08,14.0,43440.0,4.0
21,22,1,16,14,0,0.0,0.0001562261022627,7.958078640513e-13,0.0,85.0,-53.40625,4.525545649999e-09,-2.939456293045,-2.507120370865e-06,0.0245259309886,-8.996576070786e-07,5153.599887848,50400.0,4.470348358154e-08,-1.498781701771,3.688037395477e-07,0.9589763866329,389.40625,-1.025728535448,-8.07676500111e-09,1.678641350722e-11,1.0,2193.0,0.0,2.0,0.0,-1.024454832077e-08,85.0,43470.0,4.0
24,22,1,16,14,0,0.0,0.0002771294675767,-1.136868377216e-13,0.0,179.0,-7.25,5.664164506616e-09,1.286895198499,-2.793967723846e-07,0.0122786097927,5.278736352921e-06,5153.688388824,50400.0,-1.6950070858e-07,1.644828773743,1.583248376846e-07,0.9339705918526,266.6875,0.8011806795455,-8.59428655796e-09,-3.367997433469e-10,1.0,2193.0,0.0,2.0,0.0,2.328306436539e-09,179.0,43530.0,4.0
30,22,1,16,14,0,0.0,-0.0005071237683296,-2.614797267597e-12,0.0,2.0,-9.59375,5.499157633417e-09,0.3340652138999,-5.308538675308e-07,0.005424466799013,5.071982741356e-06,5153.582252502,50400.0,1.862645149231e-08,1.74070827983,3.166496753693e-08,0.935693622618,264.1875,-2.751470519643,-8.459280934434e-09,-4.057311860468e-10,1.0,2193.0,0.0,2.0,0.0,3.725290298462e-09,2.0,43590.0,4.0
1,22,1,16,14,0,0.0,0.0004558153450489,-9.777068044059e-12,0.0,20.0,-61.84375,4.136958035193e-09,0.9821268852984,-3.304332494736e-06,0.01126337971073,1.044943928719e-06,5153.672124863,50400.0,-1.210719347e-07,-1.408652699902,9.685754776001e-08,0.9863966808896,373.59375,0.8821865380618,-8.317489313958e-09,-2.057228548969e-10,1.0,2193.0,0.0,2.0,0.0,5.122274160385e-09,20.0,43650.0,4.0
6,22,1,16,14,0,0.0,0.0001726071350276,1.1027623259e-11,0.0,8.0,-60.65625,4.028382083998e-09,1.34880768954,-3.121793270111e-06,0.002636346034706,4.563480615616e-07,5153.653320312,50400.0,4.284083843231e-08,-1.416924018241,-1.676380634308e-08,0.9857800360496,382.375,-0.9984215705288,-8.140339077797e-09,-7.678891285216e-11,1.0,2193.0,0.0,2.0,0.0,4.19095158577e-09,8.0,45780.0,4.0
3,22,1,16,14,0,0.0,-8.062925189734e-05,-1.512034941697e-11,0.0,38.0,-122.1875,4.049811548049e-09,-0.1850261189662,-6.387010216713e-06,0.003867794759572,9.864568710327e-06,5153.705858231,50400.0,2.235174179077e-08,-0.3731648828781,3.352761268616e-08,0.9725731568787,200.15625,0.9754731140164,-7.768180718765e-09,1.246480492344e-10,1.0,2193.0,0.0,2.0,0.0,1.862645149231e-09,38.0,46740.0,4.0
12,22,1,16,14,0,0.0,-0.0001566940918565,-5.684341886081e-12,0.0,92.0,57.4375,4.06945522343e-09,-0.3445423215821,3.019347786903e-06,0.008583410759456,1.05295330286e-05,5153.622173309,50400.0,-5.029141902924e-08,2.839508575627,1.601874828339e-07,0.9710306063167,183.1875,1.237796035333,-7.750679989789e-09,-4.003738200338e-10,1.0,2193.0,0.0,2.0,0.0,-1.257285475731e-08,92.0,49020.0,4.0
32,22,1,16,14,0,0.0,-5.147838965058e-05,-6.139089236967e-12,0.0,78.0,6.78125,4.70269588616e-09,-2.394164489441,3.781169652939e-07,0.00541933614295,8.277595043182e-06,5153.760063171,50400.0,7.450580596924e-08,0.6659136855893,-5.960464477539e-08,0.9579035088461,217.46875,-2.373637327659,-7.853898574972e-09,6.000249934494e-10,1.0,2193.0,0.0,2.0,0.0,4.656612873077e-10,78.0,49920.0,4.0
3,22,1,16,16,0,0.0,-8.073775097728e-05,-1.512034941697e-11,0.0,60.0,-117.875,3.949807382475e-09,0.8652154287698,-6.327405571938e-06,0.003867879277095,9.423121809959e-06,5153.705791473,57600.0,-4.097819328308e-08,-0.3732204269517,1.676380634308e-08,0.9725739029669,202.65625,0.9753885017605,-7.743536835105e-09,7.786038605475e-11,1.0,2193.0,0.0,2.0,0.0,1.862645149231e-09,60.0,50400.0,4.0
6,22,1,16,16,0,0.0,0.0001726867631078,1.1027623259e-11,0.0,9.0,-62.875,4.035882396416e-09,2.399104926179,-3.146007657051e-06,0.002636423800141,4.880130290985e-07,5153.652776718,57600.0,-1.117587089539e-08,-1.416982194105,2.607703208923e-08,0.9857794786778,382.625,-0.99852894579,-8.096765834225e-09,-1.167905790821e-10,1.0,2193.0,0.0,2.0,0.0,4.19095158577e-09,9.0,50430.0,4.0
12,22,1,16,16,0,0.0,-0.0001567346043885,-5.684341886081e-12,0.0,95.0,61.03125,3.975879897071e-09,0.7056124165951,3.181397914886e-06,0.00858552264981,1.12559646368e-05,5153.626300812,57600.0,-1.583248376846e-07,2.839453738143,-7.450580596924e-09,0.9710272108838,168.34375,1.237848466317,-7.714607058635e-09,-5.571660653459e-10,1.0,2193.0,0.0,2.0,0.0,-1.257285475731e-08,95.0,50550.0,4.0
14,22,1,16,16,0,0.0,-7.147528231144e-05,-5.343281372916e-12,0.0,225.0,63.46875,4.378039505776e-09,0.7502959005159,3.181397914886e-06,0.001332543441094,1.033581793308e-05,5153.652616501,57600.0,-1.862645149231e-09,2.808653191725,-3.725290298462e-08,0.9544207661073,174.46875,3.036698083076,-7.819968590223e-09,-5.603804849537e-10,1.0,2193.0,0.0,2.0,0.0,-7.916241884232e-09,737.0,50610.0,4.0
17,22,1,16,16,0,0.0,0.0005622832104564,5.229594535194e-12,0.0,8.0,130.40625,3.913734451321e-09,-2.049817479126,6.908550858498e-06,0.01372005976737,3.665685653687e-06,5153.746379852,57600.0,2.514570951462e-07,-2.406883712185,1.6950070858e-07,0.9802542579931,321.09375,-1.508033407827,-7.811753962337e-09,2.042942239602e-10,1.0,2193.0,0.0,2.0,0.0,-1.117587089539e-08,8.0,50670.0,4.0
19,22,1,16,16,0,0.0,0.0001063635572791,5.002220859751e-12,0.0,50.0,119.46875,4.088027425608e-09,0.3482793077797,6.133690476418e-06,0.008933344390243,4.023313522339e-06,5153.679800034,57600.0,1.862645149231e-09,-2.361970784192,-2.030283212662e-07,0.9789508579641,317.28125,1.997277267849,-8.148910863418e-09,1.571494030463e-10,1.0,2193.0,0.0,2.0,0.0,-1.583248376846e-08,50.0,50700.0,4.0
24,22,1,16,16,0,0.0,0.0002771280705929,-1.136868377216e-13,0.0,180.0,-6.78125,5.537373510976e-09,2.337078642055,-5.513429641724e-07,0.01227860327344,5.114823579788e-06,5153.688304901,57600.0,-1.247972249985e-07,1.644766927419,-2.365559339523e-07,0.9339701646805,266.90625,0.8011777449318,-8.241771874309e-09,-1.8215044444e-10,1.0,2193.0,0.0,2.8,0.0,2.328306436539e-09,180.0,50760.0,4.0
32,22,1,16,16,0,0.0,-5.152216181159e-05,-6.139089236967e-12,0.0,86.0,4.6875,4.699838624286e-09,-1.343986745414,3.054738044739e-07,0.005419335211627,8.281320333481e-06,5153.760538101,57600.0,9.499490261078e-08,0.665857154046,7.450580596924e-09,0.9579078624903,217.34375,-2.37368573123,-7.875328039024e-09,6.018107821204e-10,1.0,2193.0,0.0,2.0,0.0,4.656612873077e-10,86.0,50820.0,4.0
1,22,1,16,16,0,0.0,0.0004557450301945,-9.777068044059e-12,0.0,30.0,-57.8125,4.023739033453e-09,2.032356507326,-3.093853592873e-06,0.01126337808091,1.100823283195e-06,5153.671051025,57600.0,-2.048909664154e-07,-1.408712935554,-2.086162567139e-07,0.9863965302091,372.90625,0.8821365823352,-8.084265313528e-09,-6.285976121851e-11,1.0,2193.0,0.0,2.0,0.0,5.122274160385e-09,30.0,50850.0,4.0
2,22,1,16,16,0,0.0,-0.0006487756036222,-9.094947017729e-13,0.0,29.0,-39.0,4.337323524077e-09,2.194103962837,-2.201646566391e-06,0.02069130237214,-8.530914783478e-07,5153.679050446,57600.0,2.812594175339e-07,-1.497405073915,-5.029141902924e-08,0.9647362857101,393.40625,-1.456677522363,-8.05033532878e-09,-1.250052069686e-10,1.0,2193.0,0.0,2.0,0.0,-1.769512891769e-08,29.0,51180.0,4.0
25,22,1,16,16,0,0.0,0.000271778088063,5.570655048359e-12,0.0,82.0,50.15625,4.373753612965e-09,0.4734138034252,2.739951014519e-06,0.01037436455954,1.055188477039e-05,5153.728660583,57600.0,-1.713633537292e-07,2.763137371785,1.303851604462e-07,0.9583988924065,174.5625,0.9723408410989,-7.90140055362e-09,-5.907388923603e-10,1.0,2193.0,0.0,2.0,0.0,5.587935447693e-09,82.0,53850.0,4.0
20,22,1,16,15,59,44.0,0.0005171471275389,-1.136868377216e-13,0.0,6.0,-146.1875,4.541974905772e-09,3.0887201946,-7.433816790581e-06,0.005289865308441,8.054077625275e-06,5153.736700058,57584.0,-7.82310962677e-08,-0.5266420572584,-9.313225746155e-09,0.9416723757028,212.0625,3.102888774172,-7.990689987169e-09,1.642925577302e-11,1.0,2193.0,0.0,2.0,0.0,-8.381903171539e-09,6.0,56010.0,4.0
4,22,1,16,16,0,0.0,-0.0001946613192558,1.818989403546e-12,0.0,186.0,8.59375,4.697338520147e-09,-2.4302094304,4.265457391739e-07,0.001648033736274,8.344650268555e-06,5153.656873703,57600.0,-2.607703208923e-08,0.7075010467613,-1.117587089539e-08,0.9610223375464,223.125,-3.103534501824,-7.871042146213e-09,6.085967790701e-10,1.0,2193.0,0.0,2.0,0.0,-4.19095158577e-09,186.0,57420.0,4.0
2,22,1,16,18,0,0.0,-0.0006487825885415,-9.094947017729e-13,0.0,30.0,-47.21875,4.443042213399e-09,-3.038871471709,-2.294778823853e-06,0.02069182263222,-6.668269634247e-07,5153.677705765,64800.0,2.365559339523e-07,-1.49746306545,9.126961231232e-08,0.9647354094222,394.84375,-1.456709596842,-8.027477233791e-09,-7.928901699153e-11,1.0,2193.0,0.0,2.0,0.0,-1.769512891769e-08,30.0,57600.0,4.0
3,22,1,16,18,0,0.0,-8.084671571851e-05,-1.512034941697e-11,0.0,3.0,-111.84375,3.870161207749e-09,1.915566108732,-5.776062607765e-06,0.00386735284701,9.143725037575e-06,5153.70422554,64800.0,-3.352761268616e-08,-0.3732763133482,-9.685754776001e-08,0.9725748392345,208.3125,0.975195933465,-7.665319291316e-09,1.146476326769e-10,1.0,2193.0,0.0,2.0,0.0,1.862645149231e-09,3.0,57630.0,4.0
4,22,1,16,18,0,0.0,-0.0001946482807398,1.818989403546e-12,0.0,187.0,9.5625,4.612334979408e-09,-1.37984053272,2.942979335785e-07,0.001647951663472,8.163973689079e-06,5153.657444,64800.0,3.725290298462e-09,0.7074441904501,-1.862645149231e-09,0.9610267862803,221.1875,-3.103711294011,-7.883185509176e-09,6.314548740587e-10,1.0,2193.0,0.0,2.0,0.0,-4.19095158577e-09,187.0,57660.0,4.0
6,22,1,16,18,0,0.0,0.0001727659255266,1.1027623259e-11,0.0,16.0,-59.125,4.074098273975e-09,-2.833962515674,-3.006309270859e-06,0.002636695979163,6.444752216339e-07,5153.652345657,64800.0,1.117587089539e-08,-1.417040418244,1.490116119385e-08,0.9857785497248,381.375,-0.9984566820257,-8.10569477758e-09,-1.350056235261e-10,1.0,2193.0,0.0,2.0,0.0,4.19095158577e-09,16.0,57690.0,4.0
12,22,1,16,18,0,0.0,-0.0001567755825818,-5.684341886081e-12,0.0,164.0,66.34375,3.981951578552e-09,1.755905875979,3.17208468914e-06,0.00858532183338,1.124106347561e-05,5153.624853134,64800.0,-1.173466444016e-07,2.839398044851,-2.1792948246e-07,0.9710240158707,166.1875,1.237761741608,-7.553171762779e-09,-4.88234622646e-10,1.0,2193.0,0.0,2.0,0.0,-1.257285475731e-08,164.0,57720.0,4.0
17,22,1,16,18,0,0.0,0.0005623209290206,5.229594535194e-12,0.0,25.0,118.15625,4.124100356762e-09,-0.9998386100342,6.32181763649e-06,0.01371932856273,4.57838177681e-06,5153.742319107,64800.0,-1.415610313416e-07,-2.406941466728,1.583248376846e-07,0.9802540765912,307.78125,-1.507878973417,-8.174983378014e-09,2.121516941125e-10,1.0,2193.0,0.0,2.0,0.0,-1.117587089539e-08,25.0,57780.0,4.0
19,22,1,16,18,0,0.0,0.0001063998788595,5.002220859751e-12,0.0,53.0,115.9375,4.097313526697e-09,1.398415632207,5.757436156273e-06,0.008933783276007,3.53716313839e-06,5153.680822372,64800.0,2.123415470123e-07,-2.362029197048,-1.769512891769e-07,0.9789525695782,319.625,1.997314703923,-8.008905031613e-09,1.485776174256e-10,1.0,2193.0,0.0,2.0,0.0,-1.583248376846e-08,53.0,57810.0,4.0
20,22,1,16,17,59,44.0,0.0005171461962163,-1.136868377216e-13,0.0,56.0,-142.0,4.556261215139e-09,-2.144249865185,-7.318332791328e-06,0.005289983120747,8.299946784973e-06,5153.73683548,64784.0,-6.705522537231e-08,-0.526700031239,-9.499490261078e-08,0.9416723230378,207.84375,3.102816750326,-8.058192798932e-09,5.071639825584e-11,1.0,2193.0,0.0,2.0,0.0,-8.381903171539e-09,56.0,57840.0,4.0
24,22,1,16,18,0,0.0,0.0002771271392703,-1.136868377216e-13,0.0,181.0,-7.1875,5.554159924483e-09,-2.895928872822,-5.15952706337e-07,0.01227863819804,5.032867193222e-06,5153.688253403,64800.0,4.842877388e-08,1.644707638275,-2.570450305939e-07,0.9339689797169,267.15625,0.80117931318,-8.234628719625e-09,-1.396486740707e-10,1.0,2193.0,0.0,2.8,0.0,2.328306436539e-09,181.0,57870.0,4.0
25,22,1,16,18,0,0.0,0.0002718181349337,5.570655048359e-12,0.0,83.0,50.46875,4.358752988129e-09,1.523510114117,2.557411789894e-06,0.01037527516019,1.114048063755e-05,5153.730413437,64800.0,-2.756714820862e-07,2.763080338461,-1.862645149231e-08,0.9583946938316,164.71875,0.9723897288953,-7.833540584123e-09,-5.657378509666e-10,1.0,2193.0,0.0,2.0,0.0,5.587935447693e-09,83.0,57900.0,4.0
31,22,1,16,18,0,0.0,-0.0001602484844625,-1.818989403546e-12,0.0,177.0,-11.125,5.148785896171e-09,1.968953137453,-4.749745130539e-07,0.01045986567624,5.779787898064e-06,5153.664464951,64800.0,-2.197921276093e-07,1.744964856493,1.490116119385e-07,0.9547591185782,269.5,0.3665236429523,-8.161054226381e-09,-3.146559638268e-10,1.0,2193.0,0.0,2.0,0.0,-1.303851604462e-08,177.0,58140.0,4.0
29,22,1,16,18,0,0.0,-0.0004681129939854,-4.888534022029e-12,0.0,78.0,131.65625,3.931235180296e-09,-0.8698300165973,6.729736924171e-06,0.001769869006239,4.414469003677e-06,5153.768507004,64800.0,-5.774199962616e-08,-2.393993964395,-1.117587089539e-08,0.9822394861029,305.4375,2.292449056425,-7.93711632704e-09,2.110802209099e-10,1.0,2193.0,0.0,2.0,0.0,-1.024454832077e-08,78.0,58830.0,4.0
9,22,1,16,18,0,0.0,-0.0003577154129744,1.250555214938e-12,0.0,89.0,6.625,4.781270587683e-09,-0.5696193705446,1.136213541031e-07,0.002332451404072,8.59797000885e-06,5153.634992599,64800.0,-2.98023223877e-08,0.654729362346,1.676380634308e-08,0.9540537375162,213.6875,1.857954977202,-7.98818988303e-09,6.418124483504e-10,1.0,2193.0,0.0,2.0,0.0,1.396983861923e-09,89.0,59520.0,4.0
5,22,1,16,18,0,0.0,-6.811413913965e-05,-1.250555214938e-12,0.0,27.0,-130.0625,4.187317275715e-09,-0.5541174962122,-6.593763828278e-06,0.005897957482375,9.234994649887e-06,5153.65732193,64800.0,-2.235174179077e-08,-0.4132620249936,8.195638656616e-08,0.9595476605316,200.4375,1.012615094318,-7.927473068216e-09,9.928985010651e-11,1.0,2193.0,0.0,2.0,0.0,-1.117587089539e-08,27.0,59850.0,4.0
26,22,1,16,18,0,0.0,0.000174933578819,3.410605131648e-12,0.0,38.0,36.875,4.877703175916e-09,0.8743164425607,2.20350921154e-06,0.006782363518141,9.976327419281e-06,5153.687484741,64800.0,-2.607703208923e-08,2.716672967968,1.285225152969e-07,0.9392101002477,172.46875,0.3508952305948,-8.045692278235e-09,-6.157399337541e-10,1.0,2193.0,0.0,2.0,0.0,6.984919309616e-09,38.0,64620.0,4.0
4,22,1,16,20,0,0.0,-0.0001946352422237,1.818989403546e-12,0.0,188.0,5.09375,4.532688804683e-09,-0.3293642422227,2.998858690262e-07,0.00164837227203,8.13789665699e-06,5153.658639908,72000.0,7.450580596924e-09,0.7073874248399,-9.313225746155e-09,0.9610313476588,221.03125,-3.103996712254,-7.878899616366e-09,6.325263472613e-10,1.0,2193.0,0.0,2.0,0.0,-4.19095158577e-09,188.0,64830.0,4.0
5,22,1,16,20,0,0.0,-6.81234523654e-05,-1.250555214938e-12,0.0,51.0,-126.0625,4.143386874409e-09,0.4960957206523,-6.435438990593e-06,0.005898440722376,9.272247552872e-06,5153.658245087,72000.0,-1.396983861923e-07,-0.4133185492223,3.725290298462e-08,0.9595482910493,200.96875,1.012589506417,-7.88354266691e-09,1.750072897561e-11,1.0,2193.0,0.0,2.0,0.0,-1.117587089539e-08,51.0,64860.0,4.0
6,22,1,16,20,0,0.0,0.0001728455536067,1.1027623259e-11,0.0,29.0,-52.21875,4.119457306218e-09,-1.784118760233,-2.648681402206e-06,0.002637865254655,1.141801476479e-06,5153.649583817,72000.0,-1.490116119385e-08,-1.417098845729,2.607703208923e-08,0.9857774349813,372.6875,-0.9981083700085,-8.133195923113e-09,-1.385772008681e-10,1.0,2193.0,0.0,2.0,0.0,4.19095158577e-09,29.0,64890.0,4.0
9,22,1,16,20,0,0.0,-0.0003577065654099,1.250555214938e-12,0.0,90.0,4.625,4.679123475703e-09,0.4805746528347,1.490116119385e-07,0.002332880510949,8.383765816689e-06,5153.635807037,72000.0,-2.98023223877e-08,0.6546719120901,-9.313225746155e-09,0.9540582813398,211.34375,1.857966793192,-7.987475567561e-09,6.271689812483e-10,1.0,2193.0,0.0,2.0,0.0,1.396983861923e-09,90.0,64920.0,4.0
12,22,1,16,20,0,0.0,-0.0001568160951138,-5.684341886081e-12,0.0,167.0,67.84375,3.969451057855e-09,2.806039880218,3.403052687645e-06,0.008585022296757,1.078099012375e-05,5153.626085281,72000.0,4.284083843231e-08,2.839344248965,-1.844018697739e-07,0.9710208866889,171.625,1.237833850303,-7.460310751888e-09,-4.857345185067e-10,1.0,2193.0,0.0,2.0,0.0,-1.257285475731e-08,167.0,64950.0,4.0
20,22,1,16,20,0,0.0,0.0005171447992325,-1.136868377216e-13,0.0,57.0,-133.875,4.61590655675e-09,-1.092034049521,-6.964430212975e-06,0.005289379041642,7.765367627144e-06,5153.734275818,72000.0,1.303851604462e-08,-0.5267581383451,-1.508742570877e-07,0.9416726829156,219.0,3.103077167299,-8.081408051655e-09,2.214377952016e-11,1.0,2193.0,0.0,2.0,0.0,-8.381903171539e-09,57.0,65040.0,4.0
25,22,1,16,20,0,0.0,0.0002718581818044,5.570655048359e-12,0.0,84.0,55.8125,4.258748822554e-09,2.573677505073,2.710148692131e-06,0.01037500042003,1.086480915546e-05,5153.730260849,72000.0,-2.048909664154e-08,2.763024772444,-1.862645149231e-07,0.9583921293362,165.375,0.9723677236815,-7.54388566169e-09,-5.203788187237e-10,1.0,2193.0,0.0,2.0,0.0,5.587935447693e-09,84.0,65100.0,4.0
26,22,1,16,20,0,0.0,0.000174957793206,3.410605131648e-12,0.0,74.0,37.65625,4.877703175916e-09,1.924250502471,2.108514308929e-06,0.006783016608097,1.093000173569e-05,5153.690721512,72000.0,-1.434236764908e-07,2.716614903286,1.080334186554e-07,0.9392057231968,159.0625,0.3511349004637,-8.005690612005e-09,-5.803813180686e-10,1.0,2193.0,0.0,2.0,0.0,6.984919309616e-09,74.0,65130.0,4.0
29,22,1,16,20,0,0.0,-0.000468147918582,-4.888534022029e-12,0.0,79.0,130.8125,3.954093275285e-09,0.180185249896,6.657093763351e-06,0.001769791822881,4.31202352047e-06,5153.768260956,72000.0,0.0,-2.394050895315,-5.215406417847e-08,0.9822407281204,307.71875,2.29255268369,-7.958902948826e-09,1.564350875779e-10,1.0,2193.0,0.0,2.0,0.0,-1.024454832077e-08,79.0,65160.0,4.0
31,22,1,16,20,0,0.0,-0.0001602610573173,-1.818989403546e-12,0.0,178.0,-11.71875,5.068425405977e-09,3.019133030506,-6.575137376785e-07,0.01045969838742,5.561858415604e-06,5153.664836884,72000.0,-1.303851604462e-07,1.74490646997,-9.499490261078e-08,0.9547580989243,270.84375,0.3665347143164,-7.946402428129e-09,-2.407243128482e-10,1.0,2193.0,0.0,2.0,0.0,-1.303851604462e-08,178.0,65190.0,4.0
2,22,1,16,20,0,0.0,-0.0006487891077995,-9.094947017729e-13,0.0,31.0,-38.3125,4.468400412527e-09,-1.988749789629,-1.560896635056e-06,0.02069232054055,-2.421438694e-07,5153.675699234,72000.0,2.719461917877e-07,-1.497520640054,3.017485141754e-07,0.964734429267,385.84375,-1.456653856737,-8.136767500455e-09,-1.278624688422e-10,1.0,2193.0,0.0,2.0,0.0,-1.769512891769e-08,31.0,65250.0,4.0
18,22,1,16,20,0,0.0,0.0002595358528197,-7.389644451905e-12,0.0,66.0,-60.84375,4.405183493575e-09,-1.964538333033,-3.192573785782e-06,0.00208645244129,3.930181264877e-07,5153.627241135,72000.0,-5.029141902924e-08,-1.400563677247,4.470348358154e-08,0.970187536868,378.5625,3.11134709733,-8.282130698273e-09,-1.278624688422e-10,1.0,2193.0,0.0,2.0,0.0,-8.381903171539e-09,66.0,65520.0,4.0
13,22,1,16,19,59,44.0,0.0002464074641466,6.025402399246e-12,0.0,11.0,8.46875,4.556975530608e-09,-0.4691867543002,5.140900611877e-07,0.005793755291961,7.651746273041e-06,5153.670137405,71984.0,-9.313225746155e-09,0.8070403467098,7.82310962677e-08,0.9684115587085,238.40625,0.970037960809,-7.935330538369e-09,5.900245768919e-10,1.0,2193.0,0.0,2.0,0.0,-1.117587089539e-08,11.0,67260.0,4.0
15,22,1,16,20,0,0.0,-9.103957563639e-05,2.84217094304e-12,0.0,60.0,0.5,5.239861118391e-09,-0.8659700428768,3.166496753693e-07,0.01392341067549,8.96118581295e-06,5153.724493027,72000.0,1.862645149231e-09,0.5494167498244,3.091990947723e-07,0.9299740283968,190.71875,1.070319510281,-8.357133822454e-09,6.468126566291e-10,1.0,2193.0,0.0,2.0,0.0,-1.071020960808e-08,60.0,68580.0,4.0
16,22,1,16,20,0,0.0,-0.0004565585404634,-5.343281372916e-12,0.0,75.0,60.96875,4.101956577242e-09,0.950019626805,3.539025783539e-06,0.01265088585205,1.120008528233e-05,5153.595159531,72000.0,-1.378357410431e-07,2.857969724036,1.285225152969e-07,0.9709926333521,169.6875,0.6979261572316,-7.765323456891e-09,-5.957391006391e-10,1.0,2193.0,0.0,2.0,0.0,-1.024454832077e-08,75.0,69090.0,4.0
7,22,1,16,20,0,0.0,0.000302366912365,3.637978807092e-12,0.0,11.0,-14.0,5.136642533208e-09,-2.812848318514,-9.015202522278e-07,0.01544045191258,5.461275577545e-06,5153.693990707,72000.0,1.322478055954e-07,1.726924515006,-2.9057264328e-07,0.950512697492,269.3125,-2.295560975763,-7.99676166865e-09,-1.610781381224e-10,1.0,2193.0,0.0,2.0,0.0,-1.117587089539e-08,11.0,70650.0,4.0
23,22,1,16,20,44,32.0,1.051928848028e-05,-3.865352482535e-12,0.0,101.0,-133.40625,3.942664227791e-09,-2.420301336408,-6.772577762604e-06,0.001956330728717,9.540468454361e-06,5153.705913544,74672.0,-2.421438694e-08,-0.4008431261652,5.587935447693e-09,0.9674425744379,199.625,2.914141769885,-7.696392014191e-09,9.321816862518e-11,1.0,2193.0,0.0,2.0,0.0,-8.381903171539e-09,357.0,70740.0,4.0
5,22,1,16,22,0,0.0,-6.813276559114e-05,-1.250555214938e-12,0.0,73.0,-117.4375,4.256605876149e-09,1.546522097847,-6.156042218208e-06,0.00589740218129,8.938834071159e-06,5153.654960632,79200.0,-6.705522537231e-08,-0.4133750793027,-5.587935447693e-08,0.9595480057803,210.21875,1.0123522489,-7.901043395886e-09,-5.321650239522e-11,1.0,2193.0,0.0,2.0,0.0,-1.117587089539e-08,73.0,72030.0,4.0
7,22,1,16,22,0,0.0,0.000302392989397,3.637978807092e-12,0.0,12.0,-11.34375,5.089497712294e-09,-1.76273234474,-6.537884473801e-07,0.01544117333833,4.701316356659e-06,5153.69185257,79200.0,2.272427082062e-07,1.726866106539,-7.82310962677e-08,0.9505122556907,277.0,-2.295503120279,-8.019976921373e-09,-1.678641350722e-11,1.0,2193.0,0.0,2.0,0.0,-1.117587089539e-08,12.0,72090.0,4.0
13,22,1,16,21,59,44.0,0.0002464512363076,6.025402399246e-12,0.0,12.0,13.125,4.474472094009e-09,0.5809815275726,5.792826414108e-07,0.005794548429549,7.711350917816e-06,5153.671661377,79184.0,-6.519258022308e-08,0.8069834421224,4.470348358154e-08,0.9684157543576,235.3125,0.9700522271861,-7.91925844033e-09,5.510943838646e-10,1.0,2193.0,0.0,2.0,0.0,-1.117587089539e-08,12.0,72180.0,4.0
15,22,1,16,22,0,0.0,-9.101908653975e-05,2.84217094304e-12,0.0,69.0,1.1875,5.201645240832e-09,0.1841910794749,1.415610313416e-07,0.01392350811511,9.024515748024e-06,5153.724731445,79200.0,-1.9371509552e-07,0.5493563166785,2.011656761169e-07,0.9299785195553,191.5625,1.070313178771,-8.391778122671e-09,6.01096466652e-10,1.0,2193.0,0.0,2.0,0.0,-1.071020960808e-08,69.0,72210.0,4.0
16,22,1,16,22,0,0.0,-0.0004565976560116,-5.343281372916e-12,0.0,90.0,64.25,4.110885520597e-09,2.000255300925,3.261491656303e-06,0.01265139819589,1.164898276329e-05,5153.595020294,79200.0,-3.352761268616e-07,2.857913243695,-1.024454832077e-07,0.970989349101,162.5625,0.6979164551589,-7.580672908312e-09,-4.443042213399e-10,1.0,2193.0,0.0,2.0,0.0,-1.024454832077e-08,90.0,72240.0,4.0
18,22,1,16,22,0,0.0,0.0002594827674329,-7.389644451905e-12,0.0,67.0,-61.5,4.384468344991e-09,-0.9139883846106,-3.242865204811e-06,0.002086520893499,6.239861249924e-07,5153.628583908,79200.0,-1.117587089539e-08,-1.400622833266,-6.891787052155e-08,0.9701862407226,373.34375,3.111004808146,-8.29463121897e-09,-2.246522148093e-10,1.0,2193.0,0.0,2.0,0.0,-8.381903171539e-09,67.0,72270.0,4.0
20,22,1,16,22,0,0.0,0.0005171438679099,-1.136868377216e-13,0.0,61.0,-119.96875,4.736625870908e-09,-0.04215680642306,-6.236135959625e-06,0.005288401851431,7.564201951027e-06,5153.731239319,79200.0,1.117587089539e-07,-0.5268162366737,9.313225746155e-09,0.9416719192724,224.625,3.103346427612,-8.224985460802e-09,-7.393165097859e-11,1.0,2193.0,0.0,2.0,0.0,-8.381903171539e-09,61.0,72300.0,4.0
23,22,1,16,22,0,0.0,1.050205901265e-05,-3.865352482535e-12,0.0,102.0,-129.1875,3.884447517117e-09,-1.759618349521,-6.677582859993e-06,0.001956075662747,9.570270776749e-06,5153.706932068,79200.0,-6.705522537231e-08,-0.4008777563619,3.539025783539e-08,0.9674430264796,198.96875,2.913890500538,-7.668890868658e-09,6.785996949726e-11,1.0,2193.0,0.0,2.0,0.0,-8.381903171539e-09,358.0,72330.0,4.0
26,22,1,16,22,0,0.0,0.0001749820075929,3.410605131648e-12,0.0,80.0,43.1875,4.831629828205e-09,2.974499494998,2.218410372734e-06,0.006783170159906,1.084618270397e-05,5153.689893723,79200.0,-1.043081283569e-07,2.716557479363,-8.754432201385e-08,0.9392025194062,159.3125,0.3510597562137,-7.838897950136e-09,-5.150214527108e-10,1.0,2193.0,0.0,2.0,0.0,6.984919309616e-09,80.0,72390.0,4.0
29,22,1,16,22,0,0.0,-0.0004681828431785,-4.888534022029e-12,0.0,80.0,126.53125,3.975879897071e-09,1.230407684607,6.422400474548e-06,0.001770021044649,4.192814230919e-06,5153.768362045,79200.0,3.911554813385e-08,-2.39410812467,-4.284083843231e-08,0.9822419789153,306.9375,2.292448954021,-7.929973172356e-09,1.539349834385e-10,1.0,2193.0,0.0,2.0,0.0,-1.024454832077e-08,80.0,72420.0,4.0
2,22,1,16,22,0,0.0,-0.0006487960927188,-9.094947017729e-13,0.0,32.0,-34.90625,4.790556688772e-09,-0.9386858445361,-1.581385731697e-06,0.02069277828559,1.102685928345e-06,5153.671144485,79200.0,-2.942979335785e-07,-1.497582163074,1.080334186554e-07,0.9647309767804,366.25,-1.456534633302,-8.745364279525e-09,-5.785955293977e-11,1.0,2193.0,0.0,2.0,0.0,-1.769512891769e-08,32.0,72510.0,4.0
30,22,1,16,22,0,0.0,-0.0005071987397969,-2.614797267597e-12,0.0,35.0,-14.21875,5.487728585923e-09,-1.748329590019,-9.573996067047e-07,0.00542520347517,5.03845512867e-06,5153.581464767,79200.0,6.891787052155e-08,1.740465286211,-4.284083843231e-08,0.9356862977872,267.4375,-2.751284603236,-8.364276977138e-09,-1.032185851827e-10,1.0,2193.0,0.0,2.0,0.0,3.725290298462e-09,35.0,72540.0,4.0
27,22,1,16,22,0,0.0,7.230415940285e-05,2.137312549166e-11,0.0,27.0,138.3125,4.206960951096e-09,1.125702532726,7.385388016701e-06,0.01002438308205,5.481764674187e-06,5153.656270981,79200.0,-3.725290298462e-08,-2.469322015482,1.359730958939e-07,0.9739079043162,279.4375,0.6301483331446,-8.142482024202e-09,8.286059433349e-11,1.0,2193.0,0.0,2.0,0.0,1.862645149231e-09,27.0,74310.0,4.0
10,22,1,16,21,59,44.0,-0.0002953424118459,-9.663381206337e-12,0.0,34.0,-137.0625,3.793015137162e-09,-3.111987170803,-7.059425115585e-06,0.007436257554218,9.790062904358e-06,5153.687122345,79184.0,-3.725290298462e-09,-0.376183036482,-7.636845111847e-08,0.9724083255099,197.0625,-2.535460911964,-7.525670617246e-09,8.143196339671e-11,1.0,2193.0,0.0,2.0,0.0,2.328306436539e-09,34.0,75180.0,4.0
24,22,1,16,21,59,44.0,0.0002771252766252,-1.136868377216e-13,0.0,49.0,-7.03125,5.640234938425e-09,-0.7979303111031,-1.564621925354e-07,0.01227906392887,4.84474003315e-06,5153.687345505,79184.0,1.285225152969e-07,1.644588110553,2.291053533554e-07,0.9339669974629,271.75,0.801207010608,-8.555356364933e-09,-1.242908915002e-10,1.0,2193.0,0.0,2.0,0.0,2.328306436539e-09,49.0,78120.0,4.0
8,22,1,16,22,0,0.0,-5.243811756372e-05,-1.591615728103e-12,0.0,84.0,142.3125,4.352681306648e-09,1.197143486129,7.603317499161e-06,0.007134867249988,5.269423127174e-06,5153.713970184,79200.0,4.284083843231e-08,-2.48850371834,5.774199962616e-08,0.9652360594877,275.1875,0.08073203975065,-8.126052768429e-09,5.785955293977e-11,1.0,2193.0,0.0,2.8,0.0,5.122274160385e-09,84.0,78360.0,4.0
32,22,1,16,23,59,44.0,-5.169678479433e-05,-6.139089236967e-12,0.0,8.0,2.9375,4.435541900981e-09,2.854170853478,2.291053533554e-07,0.0054202262545,8.950009942055e-06,5153.761259079,86384.0,1.862645149231e-09,0.6656289476032,-4.656612873077e-08,0.9579263625523,205.0625,-2.373664308258,-7.721393055585e-09,6.950289507456e-10,1.0,2193.0,0.0,2.0,0.0,4.656612873077e-10,8.0,81480.0,4.0
8,22,1,16,23,59,44.0,-5.245348438621e-05,-1.591615728103e-12,0.0,33.0,148.4375,4.430184534968e-09,2.245044989604,7.748603820801e-06,0.007135251653381,5.481764674187e-06,5153.712810516,86384.0,-9.872019290924e-08,-2.488562675401,1.415610313416e-07,0.9652370016069,277.28125,0.08065270131446,-8.073907739237e-09,1.875078104529e-10,1.0,2193.0,0.0,2.0,0.0,5.122274160385e-09,33.0,83250.0,4.0
